index,key,F,G,I,S,U,TR
0,MID_様子_アンナ_前,"Ce que j'aime faire dans mon temps libre,
c'est compter mes pièces... Ça me détend.","He, was machst du denn in deiner Freizeit?
...Einkaufen, hoffe ich doch?","Ehi, che cosa ti piace fare nel tempo libero?
Compere, spero.","Me gustaría saber qué hace la gente en
su tiempo libre. Podrían ir a comprar.","Hey, what do you do in your spare time?
...Shop, I hope?","Boş zamanlarinda ne yaparsın? ...alışveriş
yaparsın umarım?"
1,MID_様子_アンナ_前_通さん,"Ce que j'aime faire dans mon temps libre,
c'est compter mes pièces... Ça me détend.","He, was macht Ihr denn in Eurer Freizeit?
...Einkaufen, hoffe ich doch?","Ehi, che cosa ti piace fare nel tempo libero?
Compere, spero.","Me gustaría saber qué hace la gente en
su tiempo libre. Podrían ir a comprar.","Hey, what do you do in your spare time?
...Shop, I hope?","Boş zamanlarinda ne yaparsın? ...alışveriş
yaparsın umarım?"
2,MID_様子_アンナ_後,"Oh... Moi, je compte mes pièces : le bruit
de l'or me revitalise...","Ich mache die Inventur. Willst du zusehen?
Ich bin ein Ass im Zaubertrankzählen.","Io? Faccio l'inventario. Guarda, sono
un fulmine a contare unguenti.","Pues yo hago inventario. Soy
un hacha contando pociones.","Me? I do inventory. Want to watch?
I'm a whiz at counting vulneraries.","Ben mi? Envanter sayıyorum. İzlemek
ister misin? İksir saymada ustayım."
3,MID_様子_アンナ_後_通さん,"Oh... Moi, je compte mes pièces : le bruit
de l'or me revitalise...","Ich mache die Inventur. Wollt Ihr zusehen?
Ich bin ein Ass im Zaubertrankzählen.","Io? Faccio l'inventario. Guarda, sono
un fulmine a contare unguenti.","Pues yo hago inventario. Soy
un hacha contando pociones.","Me? I do inventory. Want to watch?
I'm a whiz at counting vulneraries.","Ben mi? Envanter sayıyorum. İzlemek
ister misin? İksir saymada ustayım."
4,MID_様子_アンナ_後_無言,NOT USED,NOT USED,NOT USED,NOT USED,NOT USED,KULLANILMADI
5,MID_様子_アンナ_前_親子_子,"Hé, tout va bien ? On dirait que tu n'as pas
dormi de la nuit...","He, alles in Ordnung? Du hast die ganze
Nacht gelesen.","Ehi, stai bene? Hai passato
tutta la notte a leggere.","Oye, ¿estás bien? Te has pasado
toda la noche leyendo.","Hey, are you okay? You were up all
night reading.","İyi misin? Bütün gece kitap
okuyarak ayaktaydin."
6,MID_様子_アンナ_後_親子_子,"Ne t'inquiète pas, je me suis juste couchée
tard hier, pour faire mes comptes...","Wirklich? Keine Sorge. Mir geht's gut!
Im Grunde ging's mir noch nie besser!","Davvero? Non preoccuparti per me.
Sto bene! Mai stata meglio.","No te preocupes, estoy bien. De hecho,
me siento mejor que nunca.","Really? Don't worry about me. I feel fine!
Never better, in fact.","Gerçekten mi? Benim için endişelenme.
Kendimi iyi hissediyorum! Aslında hiçbir
zaman daha iyi değil."
7,MID_様子_アンナ_前_恋人,"Hé, mon amour ! Tu sais que je te trouve
de plus en plus craquant, jour après jour ?","He, mein Schöner! Du wirst mit jedem Tag
attraktiver, wusstest du das?","Ehi, fusto! Lo sai? Ogni giorno
che passa sei sempre più bello.","¡Hola, guapetón! Eres más atractivo con
cada día que pasa, ¿sabes?","Hey, handsome! You're nicer to look at
with each passing day, you know that?","Selam yakışıklı! Her geçen gün daha da
hoş görünüyorsun, bunu biliyor musun?"
8,MID_様子_アンナ_後_恋人,"Ha ha ! Merci, tu es adorable...
Tu sais que tu n'es pas mal non plus, hein ?","Haha! Danke, wie süß von dir. Du siehst
heute aber auch sehr ansehnlich aus!","Ah ah. Che carino. Grazie!
Anche tu fai venire l'acquolina oggi!","¡Ja, ja! Gracias, eres un sol. ¡Tú también
estás muy guapo hoy!","Ha ha! Thanks, that's sweet. You're looking
pretty studly yourself today!","Ha ha! Teşekkürler, bu çok hoş. Bugün
 sen de oldukça çalışkan görünüyorsun!"
