"Label","TR","EUen","USen","EUfr","USfr","EUde","EUit","EUes","USes","JPja"
"name_tutorial_piko","Wario (Basma)","Wario (Mash)","Wario (Mash)","Wario (boutons)","Wario (boutons)","Wario (Knöpfe)","Wario (pulsanti)","Wario (botones)","Wario (botones)","ワリオ（ピコピコ）"
"name_tutorial_guru","Wario (Döndürme)","Wario (Twist)","Wario (Twist)","Wario (gyro)","Wario (gyro)","Wario (Gyro)","Wario (rotazione)","Wario (giro)","Wario (giro)","ワリオ（ぐるぐる）"
"name_tutorial_touch","Wario (Dokunma)","Wario (Touch)","Wario (Touch)","Wario (tactile)","Wario (tactile)","Wario (Touch)","Wario (tocco)","Wario (táctil)","Wario (táctil)","ワリオ（タッチ）"
"name_WarioDeluxe","Wario Deluxe","Wario Deluxe","Wario Deluxe","Wario Deluxe","Wario Deluxe","Wario Deluxe","Wario Deluxe","Wario Deluxe","Wario Deluxe","ワリオデラックス"
"name_Jimmy","Jimmy T","Jimmy T","Jimmy T","Jimmy T","Jimmy","Jimmy T","Jimmy T","Jimmy T","Jimmy T","ジミー"
"name_Mona","Mona","Mona","Mona","Mona","Mona","Mona","Mona","Mona","Mona","モナ"
"name_DribbleSpitz","Dribble ve Spitz","Dribble & Spitz","Dribble & Spitz","Dribble & Spitz","Dribble & Spitz","Dribble & Spitz","Dribble e Spitz","Dribble y Spitz","Dribble y Spitz","ドリブル＆スピッツ"
"name_Fivewatt","5-Volt","5-Volt","5-Volt","5-Volt","5-Volt","5-Volt","5-Volt","5-Volt","5-Volt","ファイブワット"
"name_AshleyRed","Ashley ve Red","Ashley & Red","Ashley & Red","Ashley & Red","Ashley & Red","Ashley & Red","Ashley e Red","Ashley y Red","Ashley y Red","アシュリー＆レッド"
"name_Crygor","Doktor Crygor","Dr. Crygor","Dr. Crygor","Dr Crygor","Dr Crygor","Dr. Crygor","Dr. Crygor","Dr. Crygor","Dr. Crygor","Dr.クライゴア"
"name_Eighteenvolt","18-Volt","18-Volt","18-Volt","18-Volt","18-Volt","18-Volt","18-Volt","18-Volt","18-Volt","エイティーンボルト"
"name_Penny","Penny","Penny","Penny","Penny","Penny","Penny","Penny","Penny","Penny","ペニー"
"name_KatAna","Kat ve Ana","Kat & Ana","Kat & Ana","Kat & Ana","Kat & Ana","Kat & Ana","Kat e Ana","Kat y Ana","Kat y Ana","カット＆アナ"
"name_Ninevolt","9-Volt","9-Volt","9-Volt","9-Volt","9-Volt","9-Volt","9-Volt","9-Volt","9-Volt","ナインボルト"
"name_CricketMantis","Cricket ve Mantis","Cricket & Mantis","Cricket & Mantis","Cricket & Mantis","Cricket & Mantis","Cricket & Mantis","Cricket e Mantis","Cricket y Mantis","Cricket y Mantis","クリケット＆マンティス"
"name_Orbulon","Orbulon","Orbulon","Orbulon","Orbulon","Orbulon","Orbulon","Orbulon","Orbulon","Orbulon","オービュロン"
"name_Mike","Mike","Mike","Mike","Mike","Mike","Mike","Mike","Mike","Mike","マイク"
"name_Fronk","Fronk","Fronk","Fronk","Fronk","Fronk","Fronk","Fronk","Fronk","Fronk","しゃぎぃ"
"name_Ultra01","Dans Ekibi","Dancing Team","Dancing Team","Équipe disco","Équipe Disco","Tanz-Team","Disco Joe","Equipo bailarín","Equipo bailarín","ダンシングチーム"
"name_Ultra02","Ortak Sofra Ekibi","Potluck Gang","Potluck Gang","Équipe barbecue","Équipe Barbecue","Grill-Team","Grigliata","Equipo barbacoa","Equipo parrillada","バーベキューチーム"
"name_Ultra03","Wario Deluxe","Wario Deluxe","Wario Deluxe","Wario Deluxe","Wario Deluxe","Wario Deluxe","Wario Deluxe","Wario Deluxe","Wario Deluxe","ワリオデラックス"
"name_unknown","Bilinmiyor","???","???","???","???","???","???","(?)","(?)","？？？？？"
"cm_back_btn","Geri","Back","Back","Retour","Retour","Zurück","Indietro","Atrás","Atrás","もどる"
"cm_decide_btn","Başla","Start","Start","OK","OK","Start","OK","Elegir","Elegir","スタート"
"cm_decide_btn2","Seç","Select","Select","OK","OK","OK","OK","Aceptar","Aceptar","けってい"
"cm_edit_btn","Düzenle","Edit","Edit","Options","Options","Einstell.","Opzioni","Ajustes","Ajustes","せってい"
"cm_coinget_btn","Jeton Kazan","Get Coins","Get Coins","Obtenir\ndes pièces","Obtenir des pièces","Münzen\nerhalten","Ricevi\nmonete","Canjear\nmonedas","Recibir\nmonedas","コインを\nうけとる"
"caption_menu","Ana Menü","Main Menu","Main Menu","Menu principal","Menu principal","Hauptmenü","Menu principale","Menú principal","Menú principal","メインメニュー"
"caption_story","Hikâye","Story","Story","Histoire","Histoire","Story","Storia","Historia","Historia","ストーリー"
"caption_challenge","Meydan Okuma","Challenge","Challenge","Défis","Défis","Aufgaben","Sfida","Desafíos","Desafíos","チャレンジ"
"caption_collection","Dizin","Index","Index","Index","Index","Lexikon","Indice","Índice","Índice","ずかん"
"caption_toy","Oyun Salonu","Arcade","Arcade","Souvenirs","Souvenirs","Souvenirs","Premi","Dispensabolas","Arcade","ガチャコロン"
"league_piko","Basma Ligi","Mash League","Mash League","Pouce-pouce","Pouce-pouce","Knöpfe-Liga","Pigiatutto","Liga botones","Liga botones","ピコピコリーグ"
"league_guru","Döndürme Ligi","Twist League","Twist League","Gyro-gyro","Gyro-gyro","Gyro-Liga","Giratutto","Liga giro","Liga giro","ぐるぐるリーグ"
"league_touch","Dokunma Ligi","Touch League","Touch League","Touche-touche","Touche-touche","Touch-Liga","Toccatutto","Liga táctil","Liga táctil","タッチリーグ"
"league_ultra1","Ultra Ligi","Ultra League","Ultra League","Ultra","Ultra","Ultra-Liga","Lega Ultra","Liga ultra","Liga ultra","ウルトラリーグ"
"league_ultra2","Ultra Ligi","Ultra League","Ultra League","Ultra","Ultra","Ultra-Liga","Lega Ultra","Liga ultra","Liga ultra","ウルトラリーグ"
"league_ultra3","Ultra Ligi","Ultra League","Ultra League","Ultra","Ultra","Ultra-Liga","Lega Ultra","Liga ultra","Liga ultra","ウルトラリーグ"
"genre_unknown","Bilinmiyor","???","???","???","???","???","???","(?)","(?)","？？？"
"genre_tehajime","Başlangıç Oyunları","Intro Games","Intro Games","Intro","Intro","Aufwärmrunde","Introduzione","R. preliminar","Ronda preliminar","テハジメ"
"genre_seikatsu","Hayatın İçinden","That's Life","That's Life","Vie quotidienne","Vie quotidienne","Alltag","Quotidianità","V. cotidiana","Vida cotidiana","せいかつ"
"genre_sports","Spor","Sports","Sports","Sport","Sport","Sport","Sport","Deportes","Deportes","スポーツ"
"genre_fantasy","Fantezi","Fantasy","Fantasy","Fantastique","Fantastique","Fantasy","Fantasia","Fantasía","Fantasía","ファンタジー"
"genre_nintendo","Nintendo","Nintendo","Nintendo","Nintendo","Nintendo","Nintendo","Nintendo","Nintendo","Nintendo","ニンテンドー"
"genre_nandemoari","Her Şey Serbest","Anything Goes","Anything Goes","Un peu de tout","Un peu de tout","Mischmasch","Vale tutto","Todo vale","Todo vale","ナンデモアリ"
"genre_huiuchi","Pop-Yukarı","Pop-Up","Pop-Up","Embuscade","Embuscade","Überraschung","Sorpresa","A traición","A traición","ふいうち"
"genre_mic","Mikrofon","Mic","Mic","Souffle","Souffle","Pusten","Soffio","Micrófono","Micrófono","フーフー"
"genre_ultra1","Spor ve Hayatın İçinden","Sports & That's Life","Sports & That's Life","Sport & Vie quotidienne","Sport et Vie quotidienne","Sport & Alltag","Sport e quotidianità","Deportes y vida cotidiana","Deportes y vida cotidiana","スポーツ＆せいかつ"
"genre_ultra2","Nintendo Klasikleri ve Fantezi","Nintendo Classics & Fantasy","Nintendo Classics & Fantasy","Nintendo & Fantastique","Nintendo et Fantastique","Nintendo & Fantasy","Nintendo e fantasia","Nintendo y fantasía","Nintendo y fantasía","ニンテンドー＆ファンタジー"
"genre_ultra3","Her Şey Serbest","Anything Goes","Anything Goes","Un peu de tout","Un peu de tout","Mischmasch","Vale tutto","Todo vale","Todo vale","ナンデモアリ"
"device_piko","Basma","Mash","Mash","Boutons","Boutons","Knöpfe","Pulsanti","Botones","Botones","ピコピコ"
"device_guru","Döndürme","Twist","Twist","Gyro","Gyro","Gyro","Rotazione","Giro","Giro","ぐるぐる"
"device_touch","Dokunma","Touch","Touch","Tactile","Tactile","Touch","Tocco","Táctil","Táctil","タッチ"
"device_mic","Mikrofon","Mic","Mic","Souffle","Souffle","Pusten","Soffio","Micrófono","Micrófono","フーフー"
"common_new","YENİ","NEW","NEW","Nouveau","Nouveau","NEU","Novità!","NUEVO","NUEVO","NEW"
"Title_copyright","© 2018 Nintendo. INTELLIGENT SYSTEMS ile ortak geliştirildi.","© 2018 Nintendo Co-developed by INTELLIGENT SYSTEMS ","© 2018 Nintendo Co-developed by INTELLIGENT SYSTEMS ","©2018 Nintendo co-développé par INTELLIGENT SYSTEMS ","©2018 Nintendo co-développé par INTELLIGENT SYSTEMS ","© 2018 Nintendo Co-developed by INTELLIGENT SYSTEMS ","©2018 Nintendo Co-developed by INTELLIGENT SYSTEMS ","©2018 Nintendo Co-developed by INTELLIGENT SYSTEMS ","©2018 Nintendo Co-developed by INTELLIGENT SYSTEMS ","©2018 Nintendo Co-developed by INTELLIGENT SYSTEMS "
"Title_Homebtn",": Ana Menüne Dön",": Return to the HOME Menu",": Return to the HOME Menu"," Retourner au menu HOME"," Retourner au menu HOME",": Zurück zum HOME-Menü","Premi  per tornare al menu HOME.","Pulsa  para volver al menú HOME.","Oprime  para volver al menú HOME.","を おすと HOMEメニューに もどります"
"Title_firststart_btn","Başla","Start","Start","Commencer","Commencer","Start","Inizia","Empezar","Comenzar","はじめる"
"Title_manual","Kılavuz","Manual","Manual","Mode\nd'emploi","Mode\nd'emploi","Anleitung","Manuale","Manual","Manual","説明書"
"Title_communication","SpotPass","SpotPass","SpotPass","SpotPass","SpotPass","SpotPass","SpotPass","SpotPass","SpotPass","いつの間に通信"
"Title_communication_on","Paylaş","Share","Share","Partager","Partager","Senden","Invia","Enviar","Enviar","そうしんする"
"Title_communication_off","Paylaşma","Don't Share","Don't Share","Ne pas partager","Ne pas partager","Nicht senden","Non inviare","No enviar","No enviar","そうしんしない"
"Title_desc_communication","Nintendo ile oyun oynayışına dair\nbilgileri paylaşmayı seçebilirsin.\nBu bilgiler, gelecekteki ürün ve\nhizmetleri geliştirmemize yardımcı\nolacaktır. Oynanış bilgilerini Nintendo ile\npaylaşmak ister misin?","You may choose to share information\nabout your gameplay with Nintendo\nin order to help us develop\nfuture products and services.\nWould you like to share your gameplay \ninformation with Nintendo?","You may choose to share information\nabout your gameplay with Nintendo\nin order to help us develop\nfuture products and services.\nWould you like to share your gameplay \ninformation with Nintendo?","Vous pouvez partager avec Nintendo\ndes informations relatives à votre\nutilisation de ce logiciel afin de nous\naider à développer de futurs produits\net services. Voulez-vous partager ces\ninformations avec Nintendo ?","Vous pouvez partager des informations\nconcernant votre utilisation du jeu avec\nNintendo dans le but de nous aider dans la\nconception de futurs jeux et services.\nVoulez-vous partager vos informations\nde jeu avec Nintendo?","Es besteht die Möglichkeit, Informationen\nzu deinem Spielverhalten an Nintendo zu\nsenden, um uns bei der Entwicklung zu-\nkünftiger Produkte und Services zu unter-\nstützen. Möchtest du Informationen zu dei-\nnem Spielverhalten an Nintendo senden?","Puoi decidere se inviare o meno a\nNintendo informazioni relative all'uso del\nsoftware per aiutarci nello sviluppo di\nnuovi prodotti e servizi.\nVuoi condividere con Nintendo le\ninformazioni relative all'uso del software?","¿Quieres compartir la información\nsobre tu uso de este programa\ncon Nintendo?\nAsí nos ayudarás a mejorar nuestros\nproductos y servicios en el futuro.","Elige si quieres compartir con Nintendo\ninformación sobre tu uso de este programa\npara ayudarnos a ofrecer productos\ny servicios nuevos.\n¿Quieres compartir información sobre tu\nuso de este programa con Nintendo?","プレイないようを にんてんどうに\nおくっても よいですか？\nこんごの かいはつの さんこうなどに\nりようさせていただきます。\nおおくりいただいた じょうほうの とりあつかいの\nしょうさいは、りようきやくを よんでください。"
"Title_desc_select_save","Kayıt verisini seç","Choose Save Data","Choose Save Data","Choix du fichier de sauvegarde","Sélection du fichier de sauvegarde","Speicherdaten wählen","Scegli i dati di salvataggio","Selección de archivo de guardado","Elige un archivo de guardado.","セーブデータを えらんでね。"
"Title_desc_entry_mii","Mii Seç","Choose Mii","Choose Mii","Choix du Mii","Choix du Mii","Mii wählen","Scegli Mii","Elige un Mii","Elige un Mii.","あなたの Miiを えらんでね。"
"Title_desc_change_mii","Mii Seç","Choose Mii","Choose Mii","Choix du Mii","Choix du Mii","Mii wählen","Cambia Mii","Elige un Mii","Elige un Mii.","Miiを えらんでね。"
"Title_user_title","Turnuva Kimliği","Tournament ID","Tournament ID","Données d'inscription","Données d'inscription","Anmeldedaten","Dati d'iscrizione","Datos de inscripción","Datos","エントリーデータ"
"Title_user_name","Sen","You","You","Vous","Vous","Du","Tu","Tú","Tú","ナマエ"
"Title_user_no1","Numara 01","No. 01","No. 01","N° 01","N° 01","Nr. 01","Nº 1","N.º 1","N.º 1","No.01"
"Title_user_no2","Numara 02","No. 02","No. 02","N° 02","N° 02","Nr. 02","Nº 2","N.º 2","N.º 2","No.02"
"Title_user_no3","Numara 03","No. 03","No. 03","N° 03","N° 03","Nr. 03","Nº 3","N.º 3","N.º 3","No.03"
"Title_start_btn","Başla","Start","Start","Commencer","Commencer","Start","Inizia","Empezar","Comenzar","はじめる"
"Title_change_mii_btn","Mii Değiştir","Change Mii","Change Mii","Changer de Mii","Changer de Mii","Mii wechseln","Cambia Mii","Cambiar Mii","Cambiar Mii","Miiを かえる"
"Title_erase_save_btn","Sil","Delete","Delete","Effacer","Effacer","Löschen","Cancella","Borrar","Borrar","けす"
"Title_user_btn","Yeni","New","New","Nouveau","Nouveau","Neu","Nuovo","NUEVO","Nuevo","NEW"
"Title_gyro","Jiroskop kontrolleri ayarlanıyor...\nSistemi hareket ettirmeyin.","Adjusting gyro controls...\nDo not move the system.","Adjusting gyro controls...\nDo not move the system.","Réglage du gyroscope...\nNe bougez pas la console.","Réglage du gyroscope...\nNe bougez pas la console.","Gyrosensoren werden ange-\npasst. System nicht bewegen.","Regolazione del giroscopio...\nNon muovere la console.","Ajustando el giroscopio.\nNo muevas la consola.","Ajustando los controles de\ngiro. No muevas la consola.","ちょうせいちゅう…\nほんたいを うごかさないでね。"
"menu_story_btn","Hikâye","Story","Story","Histoire","Histoire","Story","Storia","Historia","Historia","ストーリー"
"menu_challenge_btn","Meydan Okuma","Challenge","Challenge","Défis","Défis","Aufgaben","Sfida","Desafíos","Desafíos","チャレンジ"
"menu_collection_btn","Dizin","Index","Index","Index","Index","Lexikon","Indice","Índice","Índice","ずかん"
"menu_toy_btn","Oyun Salonu","Arcade","Arcade","Souvenirs","Souvenirs","Souvenirs","Distributore","Dispensabolas","Arcade","ガチャコロン"
"menu_mission_btn","Görevler","Missions","Missions","Missions","Mission","Missionen","Missioni","Misiones","Misiones","ミッション"
"Story_high_score","Yüksek Skor","High Score","High Score","Record","Record","Rekord","Record","Récord","Récord","ハイスコア"
"Story_btn_move","Hareket","Move","Move","←/→","←/→","Blättern","Sposta","←/→","←/→","いどう"
"collection_filter_character","Karakter","Character","Character","Personnage","Personnage","Charakter","Personaggio","Personaje","Personaje","キャラクター"
"collection_filter_genre","Tür","Genre","Genre","Genre","Genre","Genre","Genere","Tipo","Tipo","ジャンル"
"collection_filter_device","Kontrol türü","Controls","Controls","Commandes","Commandes","Steuerung","Comandi","Controles","Controles","そうさタイプ"
"collection_filter_character_btn","Karaktere\ngöre sırala","Sort by\nCharacter","Sort by\nCharacter","Trier par\npersonnage","Trier par\npersonnage","Sortiere nach\nCharakter","Elenca per\npersonaggio","Ordenar por\npersonaje","Ordenar por\npersonaje","キャラクターで\nわける"
"collection_filter_genre_btn","Türe\ngöre sırala","Sort by\nGenre","Sort by\nGenre","Trier par\ngenre","Trier par\ngenre","Sortiere nach\nGenre","Elenca per\ngenere","Ordenar\npor tipo","Ordenar\npor tipo","ジャンルで\nわける"
"collection_filter_device_btn","Kontrol türüne\ngöre sırala","Sort by\nControls","Sort by\nControls","Trier par\ncommandes","Trier par\ncommandes","Sortiere nach\nSteuerung","Elenca per\ncomandi","Ordenar por\ncontroles","Ordenar por\ncontroles","そうさタイプで\nわける"
"collection_character_all_btn","Tümü","All","All","Tous","Tous","Alle","Tutti","Todo","Todos","ぜんぶ"
"collection_high_score","Yüksek Skor","High Score","High Score","Record","Record","Rekord","Record","Récord","Récord","ハイスコア"
"collection_clear_score","Hedef","Target","Target","Objectif","Objectif","Ziel","Obiettivo","Objetivo","Objetivo","ごうかく"
"Toy_top_btn1","Kapsül Makinesi","Capsule Machine","Capsule Machine","Souvenirs","Souvenirs","Souvenirs","Premi","Dispensabolas","Dispensabolas","ガチャコロン"
"Toy_top_btn2","Oyuncak Odası","Toy Room","Toy Room","Collection","Collection","Schatzkammer","Collezione","Colección","Colección","ゴチャルーム"
"Toy_top_btn3","Wario Kartı","Wario Kard","Wario Kard","Wario Kard","Wario Kard","Wario Kard","Wario Kard","Wario Kard","Wario Kard","ワリオカード"
"Toy_top_btn4","Karıştırıcılar","Shufflers","Shufflers","Machines à cartes","Machines à cartes","Kartenschleudern","Distributori di carte","Dispensacartas","Dispensacartas","ガチャペロン"
"Toy_Room_minigame_btn","Mini Oyunlar","Minigames","Minigames","Mini-jeux","Minijeux","Minispiele","Minigiochi","Minijuegos","Minijuegos","ミニゲーム"
"Toy_Room_tel_btn","Telefonlar","Phones","Phones","Téléphone","Téléphone","Anrufen","Telefono","Teléfono","Teléfono","でんわ"
"Toy_Room_dubbing_btn","Stüdyo","Studio","Studio","Doublage","Doublage","Vertonung","Doppiaggio","Doblaje","Doblaje","アフレコ"
"Toy_Room_move_btn","Filmler","Movies","Movies","Vidéos","Vidéos","Videos","Filmati","Vídeos","Videos","ムービー"
"Toy_Room_card_btn","Kartlar","Cards","Cards","Wario Kards","Wario Kards","Charakter-Karten","Carte","Wario Kard","Cartas","キャラクターカード"
"Toy_Room_card_btn02","Kartlar","Cards","Cards","Wario Kards","Wario Kards","Karten","Carte","Cartas","Cartas","カード"
"Toy_Room_nintendo_btn","Nintendo Koleksiyonu","Nintendo Collection","Nintendo Collection","Nintendo","Collection Nintendo","Nintendo-Kollektion","Nintendo","Colección Nintendo","Colección Nintendo","ニンテンドーコレクション"
"Toy_Room_nintendo_btn02","Nintendo","Nintendo","Nintendo","Nintendo","Nintendo","Nintendo","Nintendo","Nintendo","Nintendo","ニンコレ"
"Toy_Room_sound_btn","Kayıtlar","Records","Records","Musiques","Musiques","Platten","Dischi","Vinilos","Vinilos","レコード"
"Toy_Room_other_btn","Diğer","Misc.","Misc.","Autres","Autres","Anderes","Altro","Otros","Otros","そのた"
"Toy_Shop_one_btn","1 Kez","1x","1x","1×","1×","1 ×","1x","1× ","1x","１かい"
"Toy_Shop_ten_btn","10 Kez","10x","10x","10×","10×","10 × ","10x","10×","10x","１０かい"
"Toy_Shop_rare_one_btn","1x (R)","1x (R)","1x (R)","1× (R)","1× (R)","1 × (S)","1 rara","1× (R)","1x (R)","レア １かい"
"Toy_Shop_rare_ten_btn","10x (R)","10x (R)","10x (R)","10× (R)","10× (R)","10 × (S)","10 rare","10× (R)","10x (R)","レア １０かい"
"Toy_Shop_next_btn","Sonraki","Next","Next","Suivant","Suivant","Weiter","Prossimo","Siguiente","Siguiente","つぎへ"
"Toy_Shop_quit_btn","Çık","Quit","Quit","Quitter","Quitter","Ende","Esci","Abandonar","Salir","やめる"
"Toy_Shop_oncemore_btn","Tekrar","Again","Again","Encore","Encore","Noch einmal","Di nuovo","Otra vez","Otra vez","もういっかい"
"Toy_Shop_end_btn","Bitir","End","End","OK","OK","Beenden","Fine","Terminar","Aceptar","おわる"
"Toy_Shop_new","YENİ","NEW","NEW","Nouveau","Nouveau","NEU","Novità!","NUEVO","NUEVO","NEW"
"Toy_Shop_soldout","TÜKENDİ","SOLD OUT","SOLD OUT","ÉPUISÉ","ÉPUISÉ","AUSVERKAUFT","ESAURITO","AGOTADO","AGOTADO","しなぎれちゅう"
"Toy_Shop_rare","Nadir!","Rare!","Rare!","Rare !","Rare!","Selten!","Rarità!","¡Raro!","¡Especial!","レア!!"
"Mission_coin","Ödül","Prize","Prize","Récompense","Récompense","Belohnung","Premio","Premio","Recompensa","コイン"
"Mission_new","Yeni","New","New","Nouv.","Nouv.","Neu","Novità","Nueva","Nueva","new"
"Mission_clear","Tamamlandı!","Clear!","Clear!","Terminée !","Terminé!","Geschafft!","Completata!","¡Completada!","¡Completada!","クリア！"
