entry,label,EN,ES,FR,IT,DE,TRANSLATION
0,001,"Thank you, 
!","Gracias, 
:","{{TAG:000E:0006:10004D006F006E002000630068006500720010004D006100200063006800E80072006500}} 
,","Ti sono grata, 
!","Ich danke dir, 
!","Teşekkürler, 
!"
1,002,"Dear 
,","Hola, 
:","{{TAG:000E:0006:10004D006F006E002000630068006500720010004D006100200063006800E80072006500}} 
,","Car{{TAG:000E:0006:02006F0002006100}} 
,","Danke, 
!","Sevgili 
,"
2,003,"You saved me, 
!","A mi salvad{{TAG:000E:0006:04006F00720006006F0072006100}}, 
:","{{TAG:000E:0006:10004D006F006E002000630068006500720010004D006100200063006800E80072006500}} 
,","Mi hai salvata, 
!","{{TAG:000E:0006:16004D00650069006E0020005200650074007400650072001C004D00650069006E006500200052006500740074006500720069006E00}} 
!","Beni kurtardın, 
!"
